<?xml version="1.0" encoding="UTF-8"?>
<project-private xmlns="http://www.netbeans.org/ns/project-private/1">
    <editor-bookmarks xmlns="http://www.netbeans.org/ns/editor-bookmarks/2" lastBookmarkId="0"/>
    <open-files xmlns="http://www.netbeans.org/ns/projectui-open-files/2">
        <group>
            <file>file:/Users/hesham/Dropbox/UNI/L3/EtornosU/UniWork/PhotoEditor/src/uv/eu/photoeditor/view/PhotoEditorView.java</file>
            <file>file:/Users/hesham/Dropbox/UNI/L3/EtornosU/UniWork/PhotoEditor/src/uv/eu/photoeditor/view/ColorPanel.java</file>
            <file>file:/Users/hesham/Dropbox/UNI/L3/EtornosU/UniWork/PhotoEditor/src/uv/eu/photoeditor/controller/PhotoEditorController.java</file>
            <file>file:/Users/hesham/Dropbox/UNI/L3/EtornosU/UniWork/PhotoEditor/src/uv/eu/photoeditor/view/ImagenPanel.java</file>
            <file>file:/Users/hesham/Dropbox/UNI/L3/EtornosU/UniWork/PhotoEditor/src/uv/eu/photoeditor/model/PhotoEditorModel.java</file>
            <file>file:/Users/hesham/Dropbox/UNI/L3/EtornosU/UniWork/PhotoEditor/src/uv/eu/photoeditor/view/LoadImage.java</file>
        </group>
    </open-files>
</project-private>
